-- phpMyAdmin SQL Dump
-- version 5.2.1
-- https://www.phpmyadmin.net/
--
-- Host: 127.0.0.1
-- Creato il: Lug 03, 2023 alle 21:29
-- Versione del server: 10.4.28-MariaDB
-- Versione PHP: 8.2.4

SET SQL_MODE = "NO_AUTO_VALUE_ON_ZERO";
START TRANSACTION;
SET time_zone = "+00:00";


/*!40101 SET @OLD_CHARACTER_SET_CLIENT=@@CHARACTER_SET_CLIENT */;
/*!40101 SET @OLD_CHARACTER_SET_RESULTS=@@CHARACTER_SET_RESULTS */;
/*!40101 SET @OLD_COLLATION_CONNECTION=@@COLLATION_CONNECTION */;
/*!40101 SET NAMES utf8mb4 */;

--
-- Database: `flask`
--

-- --------------------------------------------------------

--
-- Struttura della tabella `actions`
--

CREATE TABLE `actions` (
  `id` int(10) NOT NULL,
  `value_state` varchar(20) NOT NULL,
  `intensity` int(10) NOT NULL,
  `battery` int(10) NOT NULL,
  `date` timestamp(6) NOT NULL DEFAULT current_timestamp(6) ON UPDATE current_timestamp(6),
  `id_Dev` int(10) NOT NULL,
  `id_user` int(10) NOT NULL,
  `scheduled_date` datetime(6) DEFAULT NULL,
  `pending` tinyint(1) NOT NULL
) ENGINE=InnoDB DEFAULT CHARSET=utf8mb4 COLLATE=utf8mb4_general_ci;

--
-- Dump dei dati per la tabella `actions`
--

INSERT INTO `actions` (`id`, `value_state`, `intensity`, `battery`, `date`, `id_Dev`, `id_user`, `scheduled_date`, `pending`) VALUES
(1, '0', 0, 100, '2023-06-23 06:46:35.769948', 1, 1, NULL, 0),
(5, '0', 0, 100, '2023-06-23 06:49:43.119138', 1, 1, NULL, 0),
(6, '0', 0, 100, '2023-06-23 06:49:53.084132', 1, 1, NULL, 0),
(7, '0', 0, 100, '2023-06-23 06:49:58.429888', 1, 1, NULL, 0),
(8, '0', 0, 100, '2023-06-23 06:50:02.543575', 1, 1, NULL, 0),
(9, '0', 0, 100, '2023-06-23 06:52:45.760030', 1, 1, NULL, 0),
(10, '0', 0, 100, '2023-06-23 06:53:02.022980', 1, 1, NULL, 0),
(11, '0', 0, 100, '2023-06-23 07:02:06.470775', 1, 1, NULL, 0),
(12, '0', 0, 100, '2023-06-23 07:02:38.143951', 1, 1, NULL, 0),
(13, '0', 0, 100, '2023-06-23 07:03:05.278728', 1, 1, NULL, 0),
(14, '0', 0, 100, '2023-06-23 07:05:07.867190', 1, 1, NULL, 0),
(15, '0', 0, 100, '2023-06-23 09:35:24.214510', 1, 1, NULL, 0),
(16, '0', 0, 100, '2023-06-23 09:40:09.892105', 1, 1, NULL, 0),
(17, '0', 0, 100, '2023-06-23 09:46:11.456193', 1, 1, NULL, 0),
(18, '0', 0, 100, '2023-06-23 09:55:17.467929', 1, 1, NULL, 0),
(19, '0', 0, 100, '2023-06-23 09:55:31.016268', 1, 1, NULL, 0),
(20, '0', 0, 100, '2023-06-23 09:56:11.734333', 1, 1, NULL, 0),
(21, '0', 0, 100, '2023-06-23 10:02:21.002064', 1, 1, NULL, 0),
(22, '0', 0, 100, '2023-06-23 10:04:06.522551', 1, 1, NULL, 0),
(23, '0', 0, 100, '2023-06-23 10:09:54.250428', 1, 1, NULL, 0),
(24, '0', 0, 100, '2023-06-23 10:10:21.845056', 1, 1, NULL, 0),
(25, '0', 0, 100, '2023-06-23 10:24:56.909750', 1, 1, NULL, 0),
(26, '0', 0, 100, '2023-06-23 10:25:08.843585', 1, 1, NULL, 0),
(27, '1', 1, 98, '2023-06-23 14:42:35.474176', 1, 1, NULL, 0),
(28, '1', 2, 96, '2023-06-23 14:59:10.586137', 1, 1, NULL, 0),
(29, '1', 3, 94, '2023-06-23 15:00:04.204889', 1, 1, NULL, 0),
(30, '1', 4, 92, '2023-06-23 15:09:45.448152', 1, 1, NULL, 0),
(31, '1', 5, 90, '2023-06-23 15:09:51.794868', 1, 1, NULL, 0),
(32, '1', 5, 90, '2023-06-23 15:09:59.097448', 1, 1, NULL, 0),
(33, '1', 1, 98, '2023-06-23 15:10:55.729319', 1, 1, NULL, 0),
(34, '1', 2, 96, '2023-06-23 15:11:05.030415', 1, 1, NULL, 0),
(35, '1', 5, 90, '2023-06-23 15:14:48.360310', 1, 1, NULL, 0),
(36, '1', 3, 94, '2023-06-23 15:19:11.531746', 1, 1, NULL, 0),
(37, '1', 4, 92, '2023-06-23 15:20:34.139163', 1, 1, NULL, 0),
(38, '0', 4, 92, '2023-06-23 15:20:38.587652', 1, 1, NULL, 0),
(39, '0', 4, 92, '2023-06-23 15:22:21.184687', 1, 1, NULL, 0),
(40, '1', 4, 92, '2023-06-23 15:22:42.493721', 1, 1, NULL, 0),
(41, '1', 2, 96, '2023-06-23 15:23:56.084042', 1, 1, NULL, 0),
(42, '1', 5, 90, '2023-06-23 15:24:39.838054', 1, 1, NULL, 0),
(43, '1', 2, 96, '2023-06-23 15:25:03.375600', 1, 1, NULL, 0),
(44, '1', 3, 94, '2023-06-23 15:25:36.951677', 1, 1, NULL, 0),
(45, '1', 2, 96, '2023-06-23 15:26:09.883772', 1, 1, NULL, 0),
(46, '1', 5, 90, '2023-06-23 15:26:40.194476', 1, 1, NULL, 0),
(47, '1', 2, 96, '2023-06-23 15:28:14.752374', 1, 1, NULL, 0),
(48, '1', 2, 96, '2023-06-23 15:29:13.177774', 1, 1, NULL, 0),
(49, '1', 5, 90, '2023-06-23 15:30:14.630951', 1, 1, NULL, 0),
(50, '1', 2, 96, '2023-06-23 15:33:26.176718', 1, 1, NULL, 0),
(51, '1', 0, 100, '2023-06-23 15:34:42.195696', 1, 1, NULL, 0),
(52, '1', 5, 90, '2023-06-23 15:39:38.417289', 1, 1, NULL, 0),
(53, '1', 3, 94, '2023-06-23 15:40:41.456716', 1, 1, NULL, 0),
(54, '1', 3, 94, '2023-06-23 15:42:50.956887', 1, 1, NULL, 0),
(55, '1', 4, 92, '2023-06-23 19:31:30.736363', 1, 1, NULL, 0),
(56, '1', 3, 94, '2023-06-23 19:38:35.245056', 1, 1, NULL, 0),
(57, '1', 5, 90, '2023-06-23 19:59:41.245464', 1, 1, NULL, 0),
(58, '1', 5, 90, '2023-06-23 20:05:38.326390', 1, 1, NULL, 0),
(59, '1', 5, 90, '2023-06-23 20:06:28.500477', 1, 1, NULL, 0),
(60, '1', 5, 90, '2023-06-23 20:07:14.476774', 1, 1, NULL, 0),
(61, '1', 2, 96, '2023-06-23 20:09:02.263319', 1, 1, NULL, 0),
(62, '1', 2, 96, '2023-06-23 20:09:05.642267', 1, 1, NULL, 0),
(63, '1', 1, 98, '2023-06-23 20:09:09.111576', 1, 1, NULL, 0),
(64, '1', 5, 90, '2023-06-23 20:09:27.769778', 1, 1, NULL, 0),
(65, '1', 5, 90, '2023-06-23 20:09:33.924749', 1, 1, NULL, 0),
(66, '1', 1, 98, '2023-06-23 20:33:19.355340', 1, 1, NULL, 0),
(67, '1', 0, 100, '2023-06-23 20:49:55.408995', 1, 1, NULL, 0),
(68, '1', 2, 96, '2023-06-23 20:49:58.882501', 1, 1, NULL, 0),
(69, '1', 2, 96, '2023-06-23 20:56:40.498913', 2, 1, NULL, 0),
(70, '1', 2, 96, '2023-06-24 05:46:14.204216', 2, 1, NULL, 0),
(71, '1', 3, 94, '2023-06-24 05:46:17.638616', 2, 1, NULL, 0),
(72, '0', 0, 100, '2023-06-24 05:46:22.571649', 2, 1, NULL, 0),
(73, '1', 2, 96, '2023-06-24 05:46:56.882925', 1, 1, NULL, 0),
(74, '0', 4, 92, '2023-06-24 05:47:00.768712', 1, 1, NULL, 0),
(75, '1', 1, 98, '2023-06-24 05:47:04.637514', 1, 1, NULL, 0),
(76, '1', 5, 90, '2023-06-24 05:47:07.962946', 1, 1, NULL, 0),
(77, '1', 1, 98, '2023-06-24 05:47:12.014334', 1, 1, NULL, 0),
(78, '1', 2, 96, '2023-06-24 05:48:17.237512', 1, 1, NULL, 0),
(79, '0', 0, 100, '2023-06-24 05:48:23.686624', 1, 1, NULL, 0),
(80, '1', 2, 96, '2023-06-24 05:51:41.469434', 1, 1, NULL, 0),
(81, '1', 2, 96, '2023-06-24 20:21:58.546206', 1, 1, NULL, 0),
(82, '0', 5, 90, '2023-06-24 20:22:01.086762', 1, 1, NULL, 0),
(83, '1', 1, 98, '2023-06-24 20:22:04.123373', 1, 1, NULL, 0),
(84, '1', 1, 98, '2023-06-24 20:25:37.724024', 1, 1, NULL, 0),
(85, '1', 5, 90, '2023-06-24 20:26:22.141662', 1, 1, NULL, 0),
(86, '1', 2, 96, '2023-06-24 20:28:15.322460', 1, 1, NULL, 0),
(87, '1', 2, 96, '2023-06-24 20:33:58.263998', 1, 1, NULL, 0),
(88, '0', 5, 90, '2023-06-24 20:34:03.092056', 1, 1, NULL, 0),
(89, '0', 2, 96, '2023-06-25 08:39:49.327050', 1, 1, NULL, 0),
(90, '1', 1, 98, '2023-06-25 08:39:54.545442', 1, 1, NULL, 0),
(91, '1', 5, 90, '2023-06-25 08:39:56.423481', 1, 1, NULL, 0),
(92, '1', 2, 96, '2023-06-25 08:39:59.294131', 1, 1, NULL, 0),
(93, '1', 1, 98, '2023-06-25 08:40:05.920401', 1, 1, NULL, 0),
(94, '1', 1, 98, '2023-06-25 08:40:11.171428', 1, 1, NULL, 0),
(95, '1', 4, 92, '2023-06-25 08:40:13.814124', 1, 1, NULL, 0),
(96, '1', 2, 96, '2023-06-25 08:40:17.369016', 1, 1, NULL, 0),
(97, '1', 2, 96, '2023-06-25 08:40:21.120283', 1, 1, NULL, 0),
(98, '1', 2, 96, '2023-06-25 08:40:27.833807', 1, 1, NULL, 0),
(99, '1', 3, 94, '2023-06-25 08:40:31.585703', 1, 1, NULL, 0),
(100, '1', 3, 94, '2023-06-25 08:42:11.004029', 1, 1, NULL, 0),
(101, '1', 3, 94, '2023-06-25 08:45:53.245548', 1, 1, NULL, 0),
(102, '1', 3, 94, '2023-06-25 08:45:55.439573', 1, 1, NULL, 0),
(103, '1', 2, 96, '2023-06-26 12:22:17.207450', 1, 1, NULL, 0),
(104, '1', 1, 98, '2023-06-26 12:22:19.898470', 1, 1, NULL, 0),
(105, '1', 5, 90, '2023-06-26 12:22:22.341349', 1, 1, NULL, 0),
(106, '1', 3, 94, '2023-06-26 13:04:32.117173', 1, 1, NULL, 0),
(107, '1', 2, 96, '2023-06-26 13:04:33.957993', 1, 1, NULL, 0),
(108, '1', 2, 96, '2023-06-26 13:04:57.027040', 1, 1, NULL, 0),
(109, '1', 5, 90, '2023-06-26 13:59:28.540776', 1, 1, NULL, 0),
(110, '1', 3, 94, '2023-06-26 13:59:30.495655', 1, 1, NULL, 0),
(111, '1', 1, 98, '2023-06-26 13:59:33.769169', 1, 1, NULL, 0),
(112, '1', 5, 90, '2023-06-26 13:59:47.013698', 1, 1, NULL, 0),
(113, '1', 3, 94, '2023-06-26 13:59:49.970884', 1, 1, NULL, 0),
(114, '1', 3, 94, '2023-06-26 14:00:59.270419', 1, 1, NULL, 0),
(115, '1', 2, 96, '2023-06-26 14:01:01.188321', 1, 1, NULL, 0),
(116, '1', 1, 98, '2023-06-26 14:01:06.338257', 1, 1, NULL, 0),
(117, '1', 5, 90, '2023-06-26 14:09:19.524011', 1, 1, NULL, 0),
(118, '1', 4, 92, '2023-06-26 15:27:21.638912', 1, 1, NULL, 0),
(119, '1', 2, 96, '2023-06-26 15:27:25.394814', 1, 1, NULL, 0),
(120, '1', 3, 94, '2023-06-26 15:27:38.440211', 1, 1, NULL, 0),
(121, '1', 3, 94, '2023-06-26 15:27:41.822785', 1, 1, NULL, 0),
(122, '1', 5, 90, '2023-06-26 15:39:34.199031', 1, 1, NULL, 0),
(123, '1', 3, 94, '2023-06-26 15:39:35.898533', 1, 1, NULL, 0),
(124, '1', 5, 90, '2023-06-26 15:39:44.087877', 1, 1, NULL, 0),
(125, '1', 3, 94, '2023-06-26 15:42:30.447992', 1, 1, NULL, 0),
(126, '1', 3, 94, '2023-06-26 15:44:24.999637', 1, 1, NULL, 0),
(127, '1', 2, 96, '2023-06-26 15:44:27.131326', 1, 1, NULL, 0),
(128, '1', 3, 94, '2023-06-26 17:28:18.203678', 1, 1, NULL, 0),
(129, '1', 4, 92, '2023-06-26 18:16:27.870893', 1, 1, NULL, 0),
(130, '1', 2, 96, '2023-06-26 18:16:31.074620', 1, 1, NULL, 0),
(131, '1', 3, 94, '2023-06-27 07:38:46.679334', 1, 1, NULL, 0),
(132, '1', 4, 92, '2023-06-27 07:38:48.900543', 1, 1, NULL, 0),
(133, '1', 3, 94, '2023-06-27 07:50:47.249417', 1, 1, NULL, 0),
(134, '1', 2, 96, '2023-06-27 07:50:49.790443', 1, 1, NULL, 0),
(135, '1', 5, 90, '2023-06-27 13:20:12.282570', 1, 1, NULL, 0),
(136, '1', 3, 94, '2023-06-27 13:20:15.355581', 1, 1, NULL, 0),
(137, '1', 2, 96, '2023-06-27 13:20:17.453428', 1, 1, NULL, 0),
(138, '1', 5, 90, '2023-06-27 13:20:18.476767', 1, 1, NULL, 0),
(139, '0', 0, 100, '2023-06-27 13:20:23.766202', 1, 1, NULL, 0),
(140, '1', 5, 90, '2023-06-27 13:20:25.890671', 1, 1, NULL, 0),
(141, '1', 5, 90, '2023-06-27 13:20:27.210044', 1, 1, NULL, 0),
(142, '1', 2, 96, '2023-06-27 13:20:32.407517', 1, 1, NULL, 0),
(143, '1', 5, 90, '2023-06-27 13:20:57.396765', 1, 1, NULL, 0),
(144, '1', 3, 94, '2023-06-27 13:28:09.670246', 1, 1, NULL, 0),
(145, '1', 5, 90, '2023-06-27 13:35:49.605840', 1, 1, NULL, 0),
(146, '1', 2, 96, '2023-06-27 13:41:11.095972', 1, 1, NULL, 0),
(147, '0', 4, 92, '2023-06-27 13:41:19.819605', 1, 1, NULL, 0),
(148, '1', 2, 96, '2023-06-27 13:41:25.866795', 1, 1, NULL, 0),
(149, '1', 5, 90, '2023-06-27 14:17:59.293567', 1, 1, NULL, 0),
(150, '1', 3, 94, '2023-06-27 14:18:01.722362', 1, 1, NULL, 0),
(151, '1', 5, 90, '2023-06-27 15:44:13.112790', 1, 1, NULL, 0),
(152, '1', 5, 90, '2023-06-27 17:59:37.191204', 1, 1, NULL, 0),
(153, '1', 3, 94, '2023-06-27 17:59:39.473712', 1, 1, NULL, 0),
(154, '1', 3, 94, '2023-06-28 14:37:12.335430', 1, 1, NULL, 0),
(155, '1', 2, 96, '2023-06-28 14:37:14.906318', 1, 1, NULL, 0),
(156, '1', 5, 90, '2023-06-28 14:37:16.397944', 1, 1, NULL, 0),
(157, '1', 5, 90, '2023-06-28 14:37:19.588585', 1, 1, NULL, 0),
(158, '1', 3, 94, '2023-06-28 14:37:23.346141', 1, 1, NULL, 0),
(159, '1', 5, 90, '2023-06-28 17:32:47.256344', 1, 1, NULL, 0),
(160, '1', 5, 90, '2023-06-28 17:32:49.341134', 1, 1, NULL, 0),
(161, '1', 4, 92, '2023-06-28 17:32:50.979736', 1, 1, NULL, 0),
(162, '1', 5, 90, '2023-06-28 17:32:52.766098', 1, 1, NULL, 0),
(163, '1', 2, 96, '2023-06-28 17:32:55.242341', 1, 1, NULL, 0),
(164, '1', 1, 98, '2023-06-28 17:32:56.853696', 1, 1, NULL, 0),
(165, '1', 5, 90, '2023-06-28 17:32:59.096801', 1, 1, NULL, 0),
(166, '1', 5, 90, '2023-06-28 18:54:05.177908', 1, 1, NULL, 0),
(167, '1', 4, 92, '2023-06-28 18:54:07.714051', 1, 1, NULL, 0),
(168, '1', 5, 90, '2023-06-28 18:59:05.398834', 1, 1, NULL, 0),
(169, '1', 5, 90, '2023-06-29 11:56:31.218746', 1, 1, NULL, 0),
(170, '1', 3, 94, '2023-06-29 11:56:34.161660', 1, 1, NULL, 0),
(171, '1', 5, 90, '2023-06-29 14:09:23.737568', 1, 1, NULL, 0),
(172, '1', 2, 96, '2023-06-30 05:42:53.925976', 1, 1, NULL, 0),
(173, '1', 4, 92, '2023-06-30 05:42:56.516304', 1, 1, NULL, 0),
(174, '1', 3, 94, '2023-06-30 05:42:59.342821', 1, 1, NULL, 0),
(175, '1', 5, 90, '2023-06-30 05:43:57.262801', 1, 1, NULL, 0),
(176, '1', 2, 96, '2023-06-30 05:43:59.430528', 1, 1, NULL, 0),
(177, '1', 3, 85, '2023-06-30 07:58:11.482886', 1, 1, NULL, 0),
(178, '1', 5, 75, '2023-06-30 07:58:13.548567', 1, 1, NULL, 0),
(179, '1', 5, 75, '2023-06-30 14:48:51.015627', 1, 1, '2023-06-30 16:48:51.011775', 0),
(180, '1', 3, 85, '2023-06-30 14:48:55.811640', 1, 1, '2023-06-30 16:48:55.808987', 0),
(181, '1', 3, 85, '2023-07-01 17:11:15.001816', 2, 1, '2023-07-01 19:11:14.997536', 0),
(182, '1', 4, 80, '2023-07-01 17:11:17.323798', 2, 1, '2023-07-01 19:11:17.317308', 0),
(183, '1', 2, 90, '2023-07-01 17:11:19.696468', 2, 1, '2023-07-01 19:11:19.692328', 0),
(184, '1', 4, 80, '2023-07-01 17:11:21.753989', 2, 1, '2023-07-01 19:11:21.749467', 0),
(185, '1', 5, 75, '2023-07-01 17:11:23.955360', 2, 1, '2023-07-01 19:11:23.950873', 0),
(186, '0', 0, 100, '2023-07-01 17:11:30.546983', 2, 1, '2023-07-01 19:11:30.544185', 0),
(187, '1', 5, 75, '2023-07-01 17:11:33.366124', 2, 1, '2023-07-01 19:11:33.360475', 0),
(188, '1', 4, 80, '2023-07-01 17:11:35.521537', 2, 1, '2023-07-01 19:11:35.514002', 0),
(189, '1', 2, 90, '2023-07-01 17:11:37.650306', 2, 1, '2023-07-01 19:11:37.647153', 0),
(190, '1', 5, 75, '2023-07-01 17:12:13.128297', 1, 1, '2023-07-01 19:12:13.123829', 0),
(191, '1', 4, 80, '2023-07-01 17:12:15.036650', 1, 1, '2023-07-01 19:12:15.026333', 0),
(192, '1', 3, 85, '2023-07-01 17:12:17.256173', 1, 1, '2023-07-01 19:12:17.251887', 0),
(193, '1', 5, 75, '2023-07-01 17:12:19.237943', 1, 1, '2023-07-01 19:12:19.225955', 0),
(194, '1', 3, 85, '2023-07-01 17:12:21.612488', 1, 1, '2023-07-01 19:12:21.609533', 0),
(195, '1', 3, 85, '2023-07-01 17:12:23.972709', 1, 1, '2023-07-01 19:12:23.969204', 0),
(196, '1', 2, 90, '2023-07-01 17:12:26.534481', 1, 1, '2023-07-01 19:12:26.524781', 0),
(197, '1', 1, 95, '2023-07-01 17:12:28.777498', 1, 1, '2023-07-01 19:12:28.773218', 0),
(198, '1', 5, 75, '2023-07-02 14:06:48.619391', 1, 1, '2023-07-02 16:06:48.614897', 0),
(199, '1', 3, 85, '2023-07-02 14:06:51.158336', 1, 1, '2023-07-02 16:06:51.155174', 0),
(200, '1', 3, 85, '2023-07-02 14:06:53.507270', 1, 1, '2023-07-02 16:06:53.504240', 0),
(201, '1', 2, 90, '2023-07-02 14:06:55.542664', 1, 1, '2023-07-02 16:06:55.540176', 0),
(202, '1', 3, 85, '2023-07-02 14:06:57.593442', 1, 1, '2023-07-02 16:06:57.589577', 0),
(203, '1', 3, 85, '2023-07-02 14:14:39.606283', 1, 1, '2023-07-02 16:14:39.603634', 0),
(204, '1', 5, 75, '2023-07-02 14:14:41.740720', 1, 1, '2023-07-02 16:14:41.737666', 0),
(205, '1', 4, 80, '2023-07-02 14:14:44.026354', 1, 1, '2023-07-02 16:14:44.023663', 0),
(206, '1', 5, 75, '2023-07-02 14:34:21.691479', 1, 1, '2023-07-02 16:34:21.689122', 0),
(207, '1', 3, 85, '2023-07-02 14:34:23.859699', 1, 1, '2023-07-02 16:34:23.856918', 0),
(208, '1', 0, 100, '2023-07-02 14:34:26.391900', 1, 1, '2023-07-02 16:34:26.389438', 0),
(209, '1', 1, 95, '2023-07-02 14:34:28.984478', 1, 1, '2023-07-02 16:34:28.981716', 0),
(210, '1', 2, 90, '2023-07-02 14:34:31.374494', 1, 1, '2023-07-02 16:34:31.372313', 0),
(211, '1', 3, 85, '2023-07-02 14:34:33.801821', 1, 1, '2023-07-02 16:34:33.797840', 0),
(212, '1', 1, 95, '2023-07-02 14:34:36.039345', 1, 1, '2023-07-02 16:34:36.037183', 0),
(213, '1', 5, 75, '2023-07-02 19:21:21.289330', 1, 1, '2023-07-02 21:21:21.285966', 0),
(214, '1', 4, 80, '2023-07-02 19:21:23.575528', 1, 1, '2023-07-02 21:21:23.571539', 0),
(215, '1', 5, 75, '2023-07-02 19:21:24.693305', 1, 1, '2023-07-02 21:21:24.687129', 0),
(216, '1', 4, 80, '2023-07-02 19:21:26.738662', 1, 1, '2023-07-02 21:21:26.736085', 0),
(217, '1', 4, 80, '2023-07-02 19:21:29.664125', 1, 1, '2023-07-02 21:21:29.661786', 0),
(218, '1', 2, 90, '2023-07-02 19:21:31.996958', 1, 1, '2023-07-02 21:21:31.993766', 0),
(219, '1', 4, 80, '2023-07-02 19:21:34.320896', 1, 1, '2023-07-02 21:21:34.317895', 0),
(220, '1', 5, 75, '2023-07-02 20:15:59.687175', 1, 1, '2023-07-02 22:15:59.678952', 0),
(221, '1', 5, 75, '2023-07-02 20:15:59.991450', 1, 1, '2023-07-02 22:15:59.982517', 0),
(222, '1', 5, 75, '2023-07-02 20:16:00.969233', 1, 1, '2023-07-02 22:16:00.964219', 0),
(223, '1', 5, 75, '2023-07-02 20:16:02.323513', 1, 1, '2023-07-02 22:16:02.319626', 0),
(224, '1', 5, 75, '2023-07-02 20:16:03.538856', 1, 1, '2023-07-02 22:16:03.533933', 0),
(225, '1', 5, 75, '2023-07-02 20:16:04.487390', 1, 1, '2023-07-02 22:16:04.485251', 0),
(226, '1', 5, 75, '2023-07-02 20:20:44.573511', 1, 1, '2023-07-02 22:20:44.559587', 0),
(227, '1', 5, 75, '2023-07-02 22:39:15.339647', 1, 1, '2023-07-03 00:39:15.332677', 0),
(228, '1', 4, 80, '2023-07-02 22:39:17.773290', 1, 1, '2023-07-03 00:39:17.769845', 0),
(229, '1', 4, 80, '2023-07-02 22:39:20.150499', 1, 1, '2023-07-03 00:39:20.145745', 0),
(230, '1', 4, 80, '2023-07-02 22:39:23.088549', 1, 1, '2023-07-03 00:39:23.083146', 0),
(231, '1', 4, 80, '2023-07-03 08:26:22.117329', 1, 1, '2023-07-03 10:26:22.103112', 0),
(232, '1', 4, 80, '2023-07-03 08:26:24.254985', 1, 1, '2023-07-03 10:26:24.237659', 0),
(233, '1', 4, 80, '2023-07-03 08:26:26.387526', 1, 1, '2023-07-03 10:26:26.375891', 0),
(234, '1', 3, 85, '2023-07-03 08:26:28.559728', 1, 1, '2023-07-03 10:26:28.545090', 0),
(235, '1', 3, 85, '2023-07-03 08:26:31.269085', 1, 1, '2023-07-03 10:26:31.256460', 0),
(236, '1', 4, 80, '2023-07-03 08:26:34.071932', 1, 1, '2023-07-03 10:26:34.060190', 0),
(237, '1', 3, 85, '2023-07-03 08:26:36.136062', 1, 1, '2023-07-03 10:26:36.123334', 0),
(238, '1', 3, 85, '2023-07-03 08:34:22.597157', 1, 1, '2023-07-03 10:34:22.588051', 0),
(239, '1', 3, 85, '2023-07-03 08:34:25.302426', 1, 1, '2023-07-03 10:34:25.291126', 0),
(240, '1', 2, 90, '2023-07-03 08:34:27.401995', 1, 1, '2023-07-03 10:34:27.387894', 0),
(241, '1', 3, 85, '2023-07-03 08:50:34.364709', 1, 1, '2023-07-03 10:50:34.348741', 0),
(242, '1', 4, 80, '2023-07-03 08:50:36.218751', 1, 1, '2023-07-03 10:50:36.206094', 0),
(243, '1', 3, 85, '2023-07-03 08:50:40.335939', 1, 1, '2023-07-03 10:50:40.322285', 0),
(244, '1', 4, 80, '2023-07-03 10:02:35.430796', 1, 1, NULL, 0),
(245, '1', 5, 75, '2023-07-03 10:02:37.255772', 1, 1, NULL, 0),
(246, '1', 2, 90, '2023-07-03 10:02:39.800598', 1, 1, NULL, 0),
(247, '1', 5, 75, '2023-07-03 10:03:16.362304', 1, 1, NULL, 0),
(248, '1', 5, 75, '2023-07-03 11:18:02.952765', 1, 1, NULL, 0),
(249, '1', 3, 85, '2023-07-03 11:33:06.060799', 1, 1, NULL, 0),
(250, '1', 5, 75, '2023-07-03 11:33:07.526122', 1, 1, NULL, 0),
(251, '1', 2, 90, '2023-07-03 11:33:09.498247', 1, 1, NULL, 0),
(252, '1', 3, 85, '2023-07-03 11:33:12.430303', 1, 1, NULL, 0),
(253, '1', 5, 75, '2023-07-03 14:09:33.118240', 1, 1, NULL, 0),
(254, '1', 5, 75, '2023-07-03 14:09:34.508756', 1, 1, NULL, 0),
(255, '1', 5, 75, '2023-07-03 14:09:35.515939', 1, 1, NULL, 0),
(256, '1', 5, 75, '2023-07-03 14:09:36.742979', 1, 1, NULL, 0),
(257, '1', 5, 75, '2023-07-03 14:09:37.827655', 1, 1, NULL, 0),
(258, '1', 5, 75, '2023-07-03 14:09:38.862667', 1, 1, NULL, 0),
(259, '1', 5, 75, '2023-07-03 14:09:40.156670', 1, 1, NULL, 0),
(260, '1', 5, 75, '2023-07-03 14:09:41.266232', 1, 1, NULL, 0),
(261, '1', 5, 75, '2023-07-03 14:09:42.545309', 1, 1, NULL, 0),
(262, '1', 5, 75, '2023-07-03 14:09:43.594003', 1, 1, NULL, 0),
(263, '1', 5, 75, '2023-07-03 14:49:05.307685', 1, 17, NULL, 0),
(264, '1', 5, 75, '2023-07-03 14:49:09.011683', 1, 17, NULL, 0),
(265, '1', 5, 75, '2023-07-03 14:49:10.562752', 1, 17, NULL, 0),
(266, '1', 5, 75, '2023-07-03 14:49:53.567295', 1, 12, NULL, 0),
(267, '1', 5, 75, '2023-07-03 14:49:54.819200', 1, 12, NULL, 0),
(268, '1', 5, 75, '2023-07-03 14:49:56.111171', 1, 12, NULL, 0),
(269, '1', 5, 75, '2023-07-03 14:49:57.200253', 1, 12, NULL, 0),
(270, '1', 2, 90, '2023-07-03 14:49:59.901036', 1, 12, NULL, 0),
(271, '1', 4, 80, '2023-07-03 15:27:47.577368', 1, 12, NULL, 0),
(272, '1', 3, 85, '2023-07-03 15:27:49.816811', 1, 12, NULL, 0),
(273, '1', 3, 85, '2023-07-03 15:27:52.018619', 1, 12, NULL, 0),
(274, '1', 3, 85, '2023-07-03 15:27:54.840055', 1, 12, NULL, 0),
(275, '1', 3, 85, '2023-07-03 15:27:57.458339', 1, 12, NULL, 0),
(276, '1', 5, 75, '2023-07-03 15:38:52.018497', 1, 1, NULL, 0),
(277, '1', 5, 75, '2023-07-03 18:33:56.458443', 1, 1, NULL, 0),
(278, '1', 3, 85, '2023-07-03 18:33:59.729702', 1, 1, NULL, 0),
(279, '1', 5, 75, '2023-07-03 18:48:39.125325', 1, 1, NULL, 0);

-- --------------------------------------------------------

--
-- Struttura della tabella `device`
--

CREATE TABLE `device` (
  `id` int(10) NOT NULL,
  `device` varchar(20) NOT NULL,
  `stanza` varchar(30) NOT NULL
) ENGINE=InnoDB DEFAULT CHARSET=utf8mb4 COLLATE=utf8mb4_general_ci;

--
-- Dump dei dati per la tabella `device`
--

INSERT INTO `device` (`id`, `device`, `stanza`) VALUES
(1, 'Lamp', 'Bed Room'),
(2, 'TV', 'Bedroom');

-- --------------------------------------------------------

--
-- Struttura della tabella `user`
--

CREATE TABLE `user` (
  `id` int(10) NOT NULL,
  `user` varchar(30) NOT NULL,
  `password` varchar(50) NOT NULL,
  `nascita` date NOT NULL,
  `corso` varchar(20) NOT NULL,
  `is_admin` tinyint(1) NOT NULL
) ENGINE=InnoDB DEFAULT CHARSET=utf8mb4 COLLATE=utf8mb4_general_ci;

--
-- Dump dei dati per la tabella `user`
--

INSERT INTO `user` (`id`, `user`, `password`, `nascita`, `corso`, `is_admin`) VALUES
(1, 'pepe', '12345', '2000-02-02', 'bd', 0),
(5, 'alberto', '123452', '2000-02-02', 'bd', 1),
(11, 'julia', '12345', '1998-06-29', 'bd', 1),
(12, 'luis', '12345', '2003-02-23', 'bd', 0),
(17, 'test', '12345', '1999-06-29', 'bd', 0),
(18, 'test2', '12345', '2003-03-23', 'bd', 0),
(19, 'test2', '12345', '2003-03-23', 'bd', 0),
(20, 'test2', '12345', '2003-03-23', 'bd', 0),
(21, 'test2', '12345', '2003-03-23', 'bd', 0),
(22, 'test2', '12345', '2003-03-23', 'bd', 0),
(23, 'test2', '12345', '2003-03-23', 'bd', 0),
(24, 'test3', '12345', '2001-01-01', 'bd', 0),
(25, 'test3', '12345', '2001-01-01', 'bd', 1),
(26, 'test4', '12345', '2002-02-02', 'bd', 1);

--
-- Indici per le tabelle scaricate
--

--
-- Indici per le tabelle `actions`
--
ALTER TABLE `actions`
  ADD PRIMARY KEY (`id`),
  ADD KEY `id_Dev` (`id_Dev`) USING BTREE,
  ADD KEY `fk_actions_user` (`id_user`);

--
-- Indici per le tabelle `device`
--
ALTER TABLE `device`
  ADD PRIMARY KEY (`id`);

--
-- Indici per le tabelle `user`
--
ALTER TABLE `user`
  ADD PRIMARY KEY (`id`);

--
-- AUTO_INCREMENT per le tabelle scaricate
--

--
-- AUTO_INCREMENT per la tabella `actions`
--
ALTER TABLE `actions`
  MODIFY `id` int(10) NOT NULL AUTO_INCREMENT, AUTO_INCREMENT=280;

--
-- AUTO_INCREMENT per la tabella `device`
--
ALTER TABLE `device`
  MODIFY `id` int(10) NOT NULL AUTO_INCREMENT, AUTO_INCREMENT=3;

--
-- AUTO_INCREMENT per la tabella `user`
--
ALTER TABLE `user`
  MODIFY `id` int(10) NOT NULL AUTO_INCREMENT, AUTO_INCREMENT=27;

--
-- Limiti per le tabelle scaricate
--

--
-- Limiti per la tabella `actions`
--
ALTER TABLE `actions`
  ADD CONSTRAINT `fk_actions_device` FOREIGN KEY (`id_Dev`) REFERENCES `device` (`id`) ON DELETE CASCADE ON UPDATE CASCADE,
  ADD CONSTRAINT `fk_actions_user` FOREIGN KEY (`id_user`) REFERENCES `user` (`id`) ON DELETE CASCADE;
COMMIT;

/*!40101 SET CHARACTER_SET_CLIENT=@OLD_CHARACTER_SET_CLIENT */;
/*!40101 SET CHARACTER_SET_RESULTS=@OLD_CHARACTER_SET_RESULTS */;
/*!40101 SET COLLATION_CONNECTION=@OLD_COLLATION_CONNECTION */;
